{
	"asi"          : false,
	"bitwise"      : true,
	"boss"         : true,
	"browser"      : true,
	"couch"        : true,
	"curly"        : true,
	"debug"        : false,
	"eqeqeq"       : true,
	"eqnull"       : false,
	"es5"          : true,
	"evil"         : false,
	"expr"         : true,
	"forin"        : false,
	"globalstrict" : true,
	"immed"        : false,
	"latedef"      : true,
	"laxbreak"     : false,
	"loopfunc"     : true,
	"maxerr"       : 50,
	"newcap"       : true,
	"noarg"        : false,
	"node"         : true,
	"noempty"      : true,
	"nonew"        : true,
	"nomen"        : false,
	"onevar"       : false,
	"passfail"     : false,
	"plusplus"     : false,
	"prototypejs"  : true,
	"regexdash"    : true,
	"regexp"       : false,
	"rhino"        : true,
	"undef"        : true,
	"safe"         : false,
	"shadow"       : true,
	"strict"       : false,
	"sub"          : true,
	"supernew"     : true,
	"trailing"     : true,
	"white"        : false,
	"wsh"          : true,
	"indent"       : 4,
	
	"predef"       : [
		"ActiveXObject"
	]
}